cam,subject,motion,matched,bone,win_s,err_raw,err_cal
PG1,1,sitting_down,1,hip,1.7,11.436622434168973,-19.55427345122316
PG1,1,sitting_down,1,chest,1.7,-5.824167301516287,-28.405215357431548
PG1,1,sitting_down,1,thighR,1.7,-17.449075384593908,-17.449075384593908
PG1,1,sitting_down,1,shinR,1.7,-26.384533619588616,-26.384533619588616
PG1,1,sitting_down,1,hip,2.2,12.125952226859406,-18.864943658532727
PG1,1,sitting_down,1,chest,2.2,3.3998069196198184,-19.181241136295444
PG1,1,cross_legged_sitting,1,hip,4.9,-11.071831683441012,-9.632043512552618
PG1,1,cross_legged_sitting,1,chest,4.9,-17.29501831149654,-7.0622157629959075
PG1,1,cross_legged_sitting,1,thighL,4.9,26.694752633373348,-11.421622844753088
PG1,1,cross_legged_sitting,1,thighR,4.9,-1.8011738996204993,66.3283814869086
PG1,1,cross_legged_sitting,1,shinL,4.9,60.9891622382487,19.635548253677484
PG1,1,cross_legged_sitting,1,shinR,4.9,-27.353686338109423,46.675847560411306
PG1,1,phone_talking,1,hip,3.4,-8.424266582275834,-3.0925547610416824
PG1,1,phone_talking,1,chest,3.4,-4.903353147154827,-4.491728396563989
PG1,1,checking_watch,1,hip,3.0,-4.150276268767831,1.3392654088595792
PG1,1,checking_watch,1,chest,3.0,-4.241213058851537,0.3944467272053542
PG1,1,taking_photo,1,hip,2.5,14.59440143265684,4.756743830385125
PG1,1,taking_photo,1,chest,2.5,15.344441792168709,6.797527330326152
PG1,1,scratching_head,0,,,,
PG1,1,crossarms,1,hip,2.0,-0.8150003278534597,-0.7537904096978365
PG1,1,crossarms,1,chest,2.0,-2.9350228791918567,-2.643799493011367
PG1,2,sitting_down,1,hip,5.0,-6.389511110374926,-4.888633898097923
PG1,2,sitting_down,1,chest,5.0,-4.899320812113961,-10.787371811719998
PG1,2,sitting_down,1,thighL,5.0,-3.3421175888850123,-29.93671995650299
PG1,2,sitting_down,1,thighR,5.0,-14.461143317305245,-3.806896735341859
PG1,2,sitting_down,1,shinL,5.0,14.888540123668305,-21.68167515723022
PG1,2,sitting_down,1,shinR,5.0,-17.144753717672057,3.380753458539086
PG1,2,cross_legged_sitting,1,hip,2.4,-1.6878651995587153,-10.213778613754693
PG1,2,cross_legged_sitting,1,chest,2.4,4.967563818378784,-8.211659894673664
PG1,2,cross_legged_sitting,1,thighL,2.4,85.8399390550959,13.034287895750081
PG1,2,cross_legged_sitting,1,thighR,2.4,-20.392077467571053,-7.123842527555669
PG1,2,cross_legged_sitting,1,shinL,2.4,124.4931777529373,44.60084343956749
PG1,2,cross_legged_sitting,1,shinR,2.4,-62.541495552311424,-32.6915607379744
PG1,2,checking_watch,1,hip,2.4,7.666126294810302,-3.6467260427731247
PG1,2,checking_watch,1,chest,2.4,-5.460300145226653,-2.1604944710065994
PG1,2,scratching_head,1,hip,2.0,14.10671294630999,21.588784285321942
PG1,2,scratching_head,1,chest,2.0,11.188235401623814,22.28529788797534
PG1,2,scratching_head,1,thighL,2.0,-114.70385946970823,22.109892207075003
PG1,2,scratching_head,1,thighR,2.0,118.83250250251757,24.05269786566473
PG1,2,scratching_head,1,shinL,2.0,-112.44549543549843,16.501047322735015
PG1,2,scratching_head,1,shinR,2.0,112.4468550402507,32.4072220562732
PG1,3,sitting_down,1,hip,4.5,-1.1707322024866014,-3.8529815374674534
PG1,3,sitting_down,1,chest,4.5,-3.0926988976421645,-9.828729978354128
PG1,3,sitting_down,1,thighL,4.5,22.877629623927035,-6.879222663495825
PG1,3,sitting_down,1,thighR,4.5,-22.832315311997476,12.490042432755786
PG1,3,sitting_down,1,shinL,4.5,27.79990787866244,2.0769815057949796
PG1,3,sitting_down,1,shinR,4.5,-33.047131466390645,-0.0410753751950224
PG1,3,cross_legged_sitting,1,hip,4.1,-3.795558014599953,-5.197405191331484
PG1,3,cross_legged_sitting,1,chest,4.1,-3.01640083894733,-8.69733812752195
PG1,3,cross_legged_sitting,1,thighL,4.1,63.673167861129215,9.73530188655402
PG1,3,cross_legged_sitting,1,thighR,4.1,-77.01648092758718,7.842143390405527
PG1,3,cross_legged_sitting,1,shinL,4.1,95.578667908703,43.56328413664879
PG1,3,cross_legged_sitting,1,shinR,4.1,-105.03138257872554,-26.44800316442053
PG1,3,phone_talking,0,,,,
PG1,3,crossarms,1,hip,2.2,-3.2447509881938923,-0.69298068865974
PG1,3,crossarms,1,chest,2.2,1.8835054356434517,-2.75239028616358
PG1,4,sitting_down,1,hip,1.4,-15.500760272919765,-25.28873867806594
PG1,4,sitting_down,1,chest,1.4,-8.50248173453976,-30.104935128067993
PG1,4,sitting_down,1,thighR,1.4,-33.838464923570754,12.008534552589007
PG1,4,sitting_down,1,shinR,1.4,-38.9914238049918,6.185692035896234
PG1,4,sitting_down,1,hip,1.5,-11.51081422497606,-21.298792630122236
PG1,4,sitting_down,1,chest,1.5,-2.6316945282240742,-24.23414792175228
PG1,4,sitting_down,1,thighL,1.5,37.757852790355365,-5.674350455960404
PG1,4,sitting_down,1,thighR,1.5,-30.889498352069275,14.957501124090488
PG1,4,sitting_down,1,shinL,1.5,41.52228741162349,-3.8536448690393637
PG1,4,sitting_down,1,shinR,1.5,-38.32000135849812,6.857114482389812
PG1,4,cross_legged_sitting,1,hip,2.5,-18.412185210191677,-23.27903386706584
PG1,4,cross_legged_sitting,1,chest,2.5,-3.0829809654338516,-29.408554170854956
PG1,4,cross_legged_sitting,1,thighL,2.5,51.46909275066284,6.989123275642915
PG1,4,cross_legged_sitting,1,thighR,2.5,22.787043363822626,25.707182172945238
PG1,4,cross_legged_sitting,1,shinL,2.5,84.68561702333257,37.19766838698777
PG1,4,cross_legged_sitting,1,shinR,2.5,-9.477905828687117,0.7515063006505619
PG1,4,phone_talking,1,hip,3.0,17.293387530431158,21.29879932822544
PG1,4,phone_talking,1,chest,3.0,17.648839025921177,25.192387486079575
PG1,5,sitting_down,1,hip,1.1,-11.729820058264616,-1.7667339651380456
PG1,5,sitting_down,1,chest,1.1,-11.169654070599382,-4.630185470478143
PG1,5,sitting_down,1,thighL,1.1,7.831224576673954,-1.8413135053487035
PG1,5,sitting_down,1,shinL,1.1,21.796142651741178,7.871216176864176
PG1,5,sitting_down,1,hip,1.1,-9.794062805844069,0.1690232872825014
PG1,5,sitting_down,1,chest,1.1,-9.58148316004251,-3.0420145599212716
PG1,5,sitting_down,1,thighL,1.1,14.047900139412599,4.3753620573899425
PG1,5,sitting_down,1,thighR,1.1,-49.717311477551114,10.099432971864513
PG1,5,sitting_down,1,shinL,1.1,28.629209169252633,14.704282694375632
PG1,5,sitting_down,1,shinR,1.1,-71.13537649173512,6.003294206034887
PG1,5,cross_legged_sitting,1,hip,4.5,13.149921047683883,12.81474095062882
PG1,5,cross_legged_sitting,1,chest,4.5,-2.053989859154989,4.25058423331741
PG1,5,cross_legged_sitting,1,thighL,4.5,52.860905438250064,-3.935429715667602
PG1,5,cross_legged_sitting,1,thighR,4.5,116.93423200730993,116.93423200730993
PG1,5,cross_legged_sitting,1,shinL,4.5,99.66450066362222,33.5845521718023
PG1,5,cross_legged_sitting,1,shinR,4.5,53.85472801558388,53.85472801558388
PG1,5,phone_talking,1,hip,2.4,2.6309976295863082,5.195790752494304
PG1,5,phone_talking,1,chest,2.4,3.407024987268783,5.280763996539908
PG1,5,phone_talking,1,thighR,2.4,106.6699620980861,106.6699620980861
PG1,5,phone_talking,1,shinR,2.4,117.56777518477439,117.56777518477439
PG1,5,crossarms,1,hip,2.0,-4.211553488085581,0.3789025246855068
PG1,5,crossarms,1,chest,2.0,-2.394866413286398,1.0856537388118312
PG2,1,sitting_down,0,,,,
PG2,1,cross_legged_sitting,0,,,,
PG2,1,phone_talking,1,hip,1.9,40.84318075939561,9.009182821848736
PG2,1,phone_talking,1,chest,1.9,34.390544332336376,25.548000515659506
PG2,1,checking_watch,1,hip,2.1,-18.38382376539573,0.7854964012277913
PG2,1,checking_watch,1,chest,2.1,-24.687211750060982,0.6047440852138215
PG2,1,taking_photo,1,hip,1.5,-28.831583853216934,6.364156294996708
PG2,1,taking_photo,1,chest,1.5,-48.73615426072277,5.634395091683642
PG2,1,scratching_head,0,,,,
PG2,1,crossarms,1,hip,0.5,-1.7744079944995148,11.57885710217064
PG2,1,crossarms,1,chest,0.5,-10.358730927279021,25.838925976777293
PG2,2,sitting_down,0,,,,
PG2,2,cross_legged_sitting,0,,,,
PG2,2,checking_watch,0,,,,
PG2,2,scratching_head,1,hip,0.7,67.433356302956,19.490934664084183
PG2,2,scratching_head,1,chest,0.7,-49.79339339806315,13.868911819810636
PG2,2,scratching_head,1,thighR,0.7,39.55187733539667,15.502452014501985
PG2,2,scratching_head,1,shinR,0.7,33.42992373171274,24.12067006369336
PG2,3,sitting_down,0,,,,
PG2,3,cross_legged_sitting,0,,,,
PG2,3,phone_talking,0,,,,
PG2,3,crossarms,1,hip,1.9,-25.256895983465895,1.1212684376235693
PG2,3,crossarms,1,chest,1.9,-44.4998920050573,0.19226366239585949
PG2,4,sitting_down,1,hip,3.0,-37.88942676012153,-17.03248682192929
PG2,4,sitting_down,1,chest,3.0,-46.83019120396916,-47.21765874326687
PG2,4,sitting_down,1,thighL,3.0,1.5480077333855933,-32.47491724978918
PG2,4,sitting_down,1,thighR,3.0,4.137475772016356,-14.28344135669358
PG2,4,sitting_down,1,shinL,3.0,17.288809586411222,-18.677844431110632
PG2,4,sitting_down,1,shinR,3.0,-1.7120329357337818,-20.802833699715528
PG2,4,cross_legged_sitting,0,,,,
PG2,4,phone_talking,0,,,,
PG2,5,sitting_down,0,,,,
PG2,5,cross_legged_sitting,0,,,,
PG2,5,phone_talking,1,hip,1.3,7.926373866409099,8.715663148544772
PG2,5,phone_talking,1,chest,1.3,-48.633706381997975,2.452421970171343
PG2,5,crossarms,1,hip,0.9,-26.030900953252928,2.5480876152713186
PG2,5,crossarms,1,chest,0.9,-9.250452006391786,2.5400397554511454
